<?xml version="1.0" encoding="UTF-8"?>
<project-private xmlns="http://www.netbeans.org/ns/project-private/1">
    <editor-bookmarks xmlns="http://www.netbeans.org/ns/editor-bookmarks/2" lastBookmarkId="0"/>
    <open-files xmlns="http://www.netbeans.org/ns/projectui-open-files/2">
        <group>
            <file>file:/C:/Users/User/Desktop/cafeteria/cafeteria/src/cafeteria/vista/PrincipalPanel.java</file>
            <file>file:/C:/Users/User/Desktop/cafeteria/cafeteria/src/cafeteria/main/Main.java</file>
            <file>file:/C:/Users/User/Desktop/cafeteria/cafeteria/src/cafeteria/vista/BaristasPanel.java</file>
            <file>file:/C:/Users/User/Desktop/cafeteria/cafeteria/src/cafeteria/modelo/nodos/NodoListaEnlazada.java</file>
            <file>file:/C:/Users/User/Desktop/cafeteria/cafeteria/src/cafeteria/modelo/nodos/NodoColaPrioridad.java</file>
            <file>file:/C:/Users/User/Desktop/cafeteria/cafeteria/src/cafeteria/controlador/HorarioController.java</file>
            <file>file:/C:/Users/User/Desktop/cafeteria/cafeteria/src/cafeteria/modelo/estructuras/ColaPrioridad.java</file>
            <file>file:/C:/Users/User/Desktop/cafeteria/cafeteria/src/cafeteria/modelo/estructuras/ListaCircular.java</file>
            <file>file:/C:/Users/User/Desktop/cafeteria/cafeteria/src/cafeteria/modelo/interfaces/IListaCircular.java</file>
            <file>file:/C:/Users/User/Desktop/cafeteria/cafeteria/src/cafeteria/modelo/estructuras/ArbolBinario.java</file>
            <file>file:/C:/Users/User/Desktop/cafeteria/cafeteria/src/cafeteria/modelo/estructuras/ListaEnlazada.java</file>
            <file>file:/C:/Users/User/Desktop/cafeteria/cafeteria/src/cafeteria/modelo/estructuras/ListaDoble.java</file>
            <file>file:/C:/Users/User/Desktop/cafeteria/cafeteria/src/cafeteria/vista/HorariosPanel.java</file>
            <file>file:/C:/Users/User/Desktop/cafeteria/cafeteria/src/cafeteria/modelo/interfaces/IGrafo.java</file>
            <file>file:/C:/Users/User/Desktop/cafeteria/cafeteria/src/cafeteria/controlador/ClienteController.java</file>
            <file>file:/C:/Users/User/Desktop/cafeteria/cafeteria/src/cafeteria/modelo/estructuras/Pila.java</file>
            <file>file:/C:/Users/User/Desktop/cafeteria/cafeteria/src/cafeteria/modelo/nodos/NodoListaDoble.java</file>
            <file>file:/C:/Users/User/Desktop/cafeteria/cafeteria/src/cafeteria/vista/PedidosPanel.java</file>
            <file>file:/C:/Users/User/Desktop/cafeteria/cafeteria/src/cafeteria/modelo/Cliente.java</file>
            <file>file:/C:/Users/User/Desktop/cafeteria/cafeteria/src/cafeteria/modelo/interfaces/IListaEnlazada.java</file>
            <file>file:/C:/Users/User/Desktop/cafeteria/cafeteria/src/cafeteria/modelo/interfaces/IListaDoble.java</file>
            <file>file:/C:/Users/User/Desktop/cafeteria/cafeteria/src/cafeteria/modelo/Barista.java</file>
            <file>file:/C:/Users/User/Desktop/cafeteria/cafeteria/src/cafeteria/modelo/nodos/NodoArbol.java</file>
            <file>file:/C:/Users/User/Desktop/cafeteria/cafeteria/src/cafeteria/vista/Login.java</file>
            <file>file:/C:/Users/User/Desktop/cafeteria/cafeteria/src/cafeteria/vista/HistorialPanel.java</file>
            <file>file:/C:/Users/User/Desktop/cafeteria/cafeteria/src/cafeteria/modelo/Pedido.java</file>
            <file>file:/C:/Users/User/Desktop/cafeteria/cafeteria/src/cafeteria/modelo/interfaces/IArbolBinario.java</file>
            <file>file:/C:/Users/User/Desktop/cafeteria/cafeteria/src/cafeteria/modelo/estructuras/Grafo.java</file>
            <file>file:/C:/Users/User/Desktop/cafeteria/cafeteria/src/cafeteria/modelo/interfaces/IColaPrioridad.java</file>
            <file>file:/C:/Users/User/Desktop/cafeteria/cafeteria/src/cafeteria/modelo/nodos/NodoPila.java</file>
            <file>file:/C:/Users/User/Desktop/cafeteria/cafeteria/src/cafeteria/controlador/PedidoController.java</file>
            <file>file:/C:/Users/User/Desktop/cafeteria/cafeteria/src/cafeteria/controlador/PrincipalController.java</file>
            <file>file:/C:/Users/User/Desktop/cafeteria/cafeteria/src/cafeteria/modelo/nodos/NodoListaCircular.java</file>
            <file>file:/C:/Users/User/Desktop/cafeteria/cafeteria/src/cafeteria/controlador/HistorialController.java</file>
            <file>file:/C:/Users/User/Desktop/cafeteria/cafeteria/src/cafeteria/controlador/BaristaController.java</file>
            <file>file:/C:/Users/User/Desktop/cafeteria/cafeteria/src/cafeteria/vista/ClientesPanel.java</file>
            <file>file:/C:/Users/User/Desktop/cafeteria/cafeteria/src/cafeteria/modelo/interfaces/IPila.java</file>
        </group>
    </open-files>
</project-private>
